BiT_url;id;name;genres;followers;popularity;genres_set
https://www.bandsintown.com/a/13012404-xxxtentacion;15UsOTVnJzReFVN1VCnxy4;xxxtentacion;['emo rap', 'miami hip hop', 'rap'];47054352;89;{'rap', 'emo', 'miami', 'hop', 'hip'}
https://www.bandsintown.com/a/25874-radiohead;4Z8W4fKeB5YxbusRsdQVPb;radiohead;['alternative rock', 'art rock', 'melancholia', 'oxford indie', 'permanent wave', 'rock'];10675265;84;{'oxford', 'wave', 'permanent', 'alternative', 'melancholia', 'rock', 'indie', 'art'}
https://www.bandsintown.com/a/908-alice-in-chains;64tNsm6TnZe2zpcMVMOoHL;alice in chains;['alternative metal', 'alternative rock', 'grunge', 'hard rock', 'nu metal', 'rock'];5327844;75;{'nu', 'alternative', 'metal', 'rock', 'hard', 'grunge'}
https://www.bandsintown.com/a/1206048-flume;6nxWCVXbOlEVRexSbLsTer;flume;['australian dance', 'australian electropop', 'australian indie', 'downtempo', 'edm', 'indietronica'];2462255;72;{'dance', 'electropop', 'downtempo', 'edm', 'australian', 'indietronica', 'indie'}
https://www.bandsintown.com/a/26633-tool;2yEwvVSSSUkcLeSTNyHKh8;tool;['alternative metal', 'art rock', 'nu metal', 'post-grunge', 'progressive metal', 'progressive rock', 'rock'];3905639;71;{'progressive', 'post-grunge', 'alternative', 'metal', 'rock', 'art', 'nu'}
https://www.bandsintown.com/a/25852-aphex-twin;6kBDZFXuLrZgHnvmPu9NsG;aphex twin;['ambient', 'braindance', 'electronica', 'intelligent dance music', 'uk experimental electronic'];1495519;68;{'ambient', 'dance', 'experimental', 'uk', 'braindance', 'electronic', 'intelligent', 'music', 'electronica'}
https://www.bandsintown.com/a/2761-gojira;0GDGKpJFhVpcjIGF8N6Ewt;gojira;['alternative metal', 'french death metal', 'french metal', 'groove metal', 'metal', 'nu metal', 'progressive groove metal'];1533806;67;{'progressive', 'groove', 'alternative', 'metal', 'death', 'french', 'nu'}
https://www.bandsintown.com/a/26702-rush;2Hkut4rAAyrQxRdof7FVJq;rush;['album rock', 'canadian metal', 'classic canadian rock', 'classic rock', 'hard rock', 'progressive rock', 'rock'];2372775;66;{'progressive', 'album', 'classic', 'metal', 'canadian', 'rock', 'hard'}
https://www.bandsintown.com/a/37334-jon-hopkins;7yxi31szvlbwvKq9dYOmFI;jon hopkins;['electronica', 'intelligent dance music'];520334;66;{'intelligent', 'music', 'dance', 'electronica'}
https://www.bandsintown.com/a/17596-slowdive;72X6FHxaShda0XeQw3vbeF;slowdive;['alternative rock', 'dream pop', 'reading indie', 'shoegaze'];1128479;65;{'shoegaze', 'reading', 'alternative', 'dream', 'rock', 'indie', 'pop'}
https://www.bandsintown.com/a/13451-dream-theater;2aaLAng2L2aWD2FClzwiep;dream theater;['metal', 'progressive metal'];1618391;63;{'metal', 'progressive'}
https://www.bandsintown.com/a/731-mastodon;1Dvfqq39HxvCJ3GvfeIFuT;mastodon;['alternative metal', 'atlanta metal', 'metal', 'progressive groove metal', 'progressive sludge', 'sludge metal', 'stoner metal', 'stoner rock'];941882;61;{'progressive', 'groove', 'atlanta', 'alternative', 'metal', 'stoner', 'rock', 'sludge'}
https://www.bandsintown.com/a/428518-nils-frahm;5gqhueRUZEa7VDnQt4HODp;nils frahm;['compositional ambient', 'electronica', 'neoclassical darkwave'];669030;61;{'ambient', 'neoclassical', 'darkwave', 'compositional', 'electronica'}
https://www.bandsintown.com/a/96639-arca;4SQdUpG4f7UbkJG3cJ2Iyj;arca;['ai', 'art pop', 'deconstructed club', 'escape room', 'experimental pop', 'fluxwork'];576547;61;{'fluxwork', 'ai', 'experimental', 'room', 'club', 'deconstructed', 'pop', 'art', 'escape'}
https://www.bandsintown.com/a/687-opeth;0ybFZ2Ab08V8hueghSXm6E;opeth;['alternative metal', 'metal', 'progressive death metal', 'progressive metal', 'swedish metal', 'swedish progressive metal'];986106;59;{'progressive', 'swedish', 'alternative', 'metal', 'death'}
https://www.bandsintown.com/a/1025391-com-truise;2wouN3QXejYa5tKetYdcVX;com truise;['chillwave', 'indietronica', 'vaporwave'];282719;59;{'indietronica', 'chillwave', 'vaporwave'}
https://www.bandsintown.com/a/7212-death;4f5V3PQ66nIrBCqugJtaGn;death;['death metal', 'dissonant death metal', 'florida death metal', 'groove metal', 'hard rock', 'metal', 'speed metal', 'technical death metal'];922242;58;{'technical', 'groove', 'florida', 'metal', 'dissonant', 'death', 'speed', 'rock', 'hard'}
https://www.bandsintown.com/a/44837-franco-battiato;4lianjyuR1tqf6oUX8kjrZ;franco battiato;['classic italian pop', 'experimental', 'italian adult pop'];819268;58;{'italian', 'experimental', 'classic', 'adult', 'pop'}
https://www.bandsintown.com/a/11411434-audiotree;1j8QyWpOJKAe6Iw2KvEg2j;audiotree;[];17477;58;set()
https://www.bandsintown.com/a/6789676-san-holo;0jNDKefhfSbLR9sFvcPLHo;san holo;['brostep', 'edm', 'electro house', 'electronic trap', 'future bass', 'pop dance'];696091;57;{'dance', 'edm', 'trap', 'bass', 'electro', 'future', 'pop', 'electronic', 'brostep', 'house'}
https://www.bandsintown.com/a/1838770-kamasi-washington;6HQYnRM4OzToCYPpVBInuU;kamasi washington;['afrofuturism', 'contemporary jazz', 'indie soul', 'jazz', 'jazz saxophone'];481226;57;{'jazz', 'afrofuturism', 'saxophone', 'soul', 'contemporary', 'indie'}
https://www.bandsintown.com/a/8310385-yves-tumor;0qu422H5MOoQxGjd4IzHbS;yves tumor;['art pop', 'escape room', 'experimental pop', 'experimental r&b', 'hypnagogic pop'];399472;57;{'experimental', 'hypnagogic', 'room', 'r&b', 'pop', 'art', 'escape'}
https://www.bandsintown.com/a/5385-flying-lotus;29XOeO6KIWxGthejQqn793;flying lotus;['afrofuturism', 'alternative hip hop', 'electronica', 'escape room', 'experimental hip hop', 'glitch', 'glitch hop', 'indietronica', 'instrumental hip hop', 'intelligent dance music', 'jazztronica', 'psychedelic hip hop', 'wonky'];791469;56;{'glitch', 'dance', 'afrofuturism', 'experimental', 'wonky', 'alternative', 'escape', 'room', 'jazztronica', 'indietronica', 'intelligent', 'music', 'hop', 'psychedelic', 'instrumental', 'electronica', 'hip'}
https://www.bandsintown.com/a/1412-meshuggah;3ggwAqZD3lyT2sbovlmfQY;meshuggah;['alternative metal', 'djent', 'groove metal', 'metal', 'nu metal', 'progressive groove metal', 'swedish metal', 'technical groove metal', 'technical thrash'];733297;56;{'technical', 'progressive', 'thrash', 'djent', 'swedish', 'groove', 'alternative', 'metal', 'nu'}
https://www.bandsintown.com/a/1416-porcupine-tree;5NXHXK6hOCotCF8lvGM1I0;porcupine tree;['progressive metal', 'progressive rock'];711684;55;{'rock', 'progressive', 'metal'}
https://www.bandsintown.com/a/214867-have-a-nice-life;0FRKTwQSToXpCxYMhyUzYY;have a nice life;['blackgaze', 'doomgaze', 'dream pop', 'nu gaze'];418175;55;{'gaze', 'blackgaze', 'dream', 'doomgaze', 'pop', 'nu'}
https://www.bandsintown.com/a/32007-periphery;6d24kC5fxHFOSEAmjQPPhc;periphery;['djent', 'melodic metalcore', 'progressive metal', 'progressive metalcore'];506961;54;{'progressive', 'metalcore', 'djent', 'metal', 'melodic'}
https://www.bandsintown.com/a/10832046-sam-gellaitry;07UJz804RJxqNvxFXC3h9H;sam gellaitry;['future bass', 'scottish electronic', 'vapor twitch'];148604;54;{'vapor', 'bass', 'twitch', 'scottish', 'future', 'electronic'}
https://www.bandsintown.com/a/1071-dimmu-borgir;6e8ISIsI7UQZPyEorefAhK;dimmu borgir;['black metal', 'gothic metal', 'melodic death metal', 'metal', 'norwegian black metal', 'norwegian metal', 'power metal', 'speed metal', 'symphonic black metal', 'symphonic metal', 'viking metal'];532888;52;{'norwegian', 'symphonic', 'power', 'viking', 'metal', 'death', 'gothic', 'speed', 'black', 'melodic'}
https://www.bandsintown.com/a/369387-leprous;4lgrzShsg2FLA89UM2fdO5;leprous;['norwegian metal', 'prog metal', 'progressive metal'];261333;52;{'prog', 'metal', 'progressive', 'norwegian'}
https://www.bandsintown.com/a/5241104-plini;3Gs10XJ4S4OEFrMRqZJcic;plini;['djent', 'instrumental math rock', 'instrumental rock', 'progressive jazz fusion'];326385;51;{'progressive', 'djent', 'jazz', 'math', 'fusion', 'rock', 'instrumental'}
https://www.bandsintown.com/a/20003-chelsea-wolfe;6ZK2nrW8aCTg8Bid7I7N10;chelsea wolfe;['dark pop', 'doomgaze', 'gaian doom', 'sacramento indie'];323756;51;{'doom', 'dark', 'gaian', 'doomgaze', 'sacramento', 'indie', 'pop'}
https://www.bandsintown.com/a/320246-animals-as-leaders;65C6Unk7nhg2aCnVuAPMo8;animals as leaders;['djent', 'instrumental djent', 'instrumental rock', 'jazz metal', 'progressive jazz fusion', 'progressive metal'];548036;50;{'progressive', 'djent', 'jazz', 'fusion', 'metal', 'rock', 'instrumental'}
https://www.bandsintown.com/a/75742-toe;0rpKM0MniNkXM1SLSglYUZ;toe;['instrumental math rock', 'instrumental post-rock', 'japanese math rock', 'japanese post-rock', 'math rock', 'midwest emo'];308073;50;{'post-rock', 'math', 'midwest', 'japanese', 'emo', 'rock', 'instrumental'}
https://www.bandsintown.com/a/237069-intervals;0xpJGyjbEzkWSNfcf2tcMl;intervals;['djent', 'instrumental djent', 'instrumental rock'];208121;49;{'rock', 'djent', 'instrumental'}
https://www.bandsintown.com/a/51937-apparat;40Ojab0UtVQFjA76qXr8Ot;apparat;['ambient pop', 'electronica', 'glitch', 'indietronica', 'trip hop'];403978;48;{'ambient', 'glitch', 'trip', 'indietronica', 'hop', 'pop', 'electronica'}
https://www.bandsintown.com/a/369380-chon;2JFljHPanIjYy2QqfNYvC0;chon;['instrumental math rock', 'instrumental rock', 'progressive jazz fusion', 'san diego indie'];320370;48;{'progressive', 'jazz', 'math', 'fusion', 'san', 'diego', 'rock', 'indie', 'instrumental'}
https://www.bandsintown.com/a/1241311-alcest;0d5ZwMtCer8dQdOPAgWhe7;alcest;['atmospheric black metal', 'blackgaze', 'emotional black metal', 'french black metal', 'french metal', 'french shoegaze', 'post-black metal', 'post-metal', 'shoegaze'];296759;48;{'post-metal', 'blackgaze', 'french', 'shoegaze', 'post-black', 'metal', 'black', 'emotional', 'atmospheric'}
https://www.bandsintown.com/a/24548-hiromi;7DeuppKQdCVhuWrzzCBBpc;hiromi;['japanese jazz', 'jazz fusion', 'modern jazz piano'];252663;48;{'piano', 'jazz', 'japanese', 'fusion', 'modern'}
https://www.bandsintown.com/a/1581798-delta-sleep;05MlomiA9La0OiNIAGqECk;delta sleep;['brighton indie', 'british math rock', 'math pop', 'math rock'];94145;48;{'british', 'brighton', 'math', 'rock', 'indie', 'pop'}
https://www.bandsintown.com/a/296639-haken;2SRIVGDkdqQnrQdaXxDkJt;haken;['progressive metal'];221430;47;{'progressive', 'metal'}
https://www.bandsintown.com/a/39581-avishai-cohen;5wu05jGsVMAFHYMYHqCB9l;avishai cohen;['contemporary jazz', 'israeli jazz', 'jazz', 'jazz double bass', 'jazz trumpet'];209283;47;{'jazz', 'trumpet', 'double', 'bass', 'israeli', 'contemporary'}
https://www.bandsintown.com/a/5079-russian-circles;0AZ3VR0YbFcS0Kgei7L2QF;russian circles;['american post-rock', 'instrumental post-rock', 'instrumental rock', 'post-metal', 'post-rock', 'sludge metal'];258467;46;{'post-rock', 'metal', 'american', 'rock', 'post-metal', 'instrumental', 'sludge'}
https://www.bandsintown.com/a/2846-nile;3v3VSKylQE69ztn5TUVlFE;nile;['brutal death metal', 'death metal', 'metal', 'oriental metal', 'south carolina metal', 'technical death metal', 'thrash metal'];250093;46;{'technical', 'thrash', 'carolina', 'oriental', 'brutal', 'metal', 'south', 'death'}
https://www.bandsintown.com/a/2031785-gogo-penguin;19f2JXwlRU26376TCKmp6L;gogo penguin;['british jazz', 'contemporary jazz', 'indie jazz', 'jazztronica', 'modern jazz trio', 'progressive jazz fusion'];246877;46;{'british', 'progressive', 'jazz', 'fusion', 'trio', 'contemporary', 'jazztronica', 'indie', 'modern'}
https://www.bandsintown.com/a/355815-shlohmo;6y80I9YZi4DOpbaSUlL725;shlohmo;['downtempo', 'electronica', 'future garage', 'glitch', 'instrumental hip hop', 'wonky'];245580;46;{'glitch', 'downtempo', 'garage', 'wonky', 'future', 'hop', 'instrumental', 'electronica', 'hip'}
https://www.bandsintown.com/a/11588-ride;0WPY9nnBy01s5QOt4o4oQX;ride;['alternative rock', 'britpop', 'dream pop', 'oxford indie', 'shoegaze'];239950;46;{'britpop', 'oxford', 'shoegaze', 'alternative', 'dream', 'rock', 'indie', 'pop'}
https://www.bandsintown.com/a/4569-the-dear-hunter;51lE580QM13Anmb3mK2j1e;the dear hunter;['progressive jazz fusion', 'progressive post-hardcore'];157309;46;{'fusion', 'progressive', 'post-hardcore', 'jazz'}
https://www.bandsintown.com/a/897-between-the-buried-and-me;2JC4hZm1egeJDEolLsMwZ9;between the buried and me;['djent', 'melodic metalcore', 'north carolina metal', 'progressive metal'];274779;45;{'progressive', 'metalcore', 'djent', 'carolina', 'north', 'metal', 'melodic'}
https://www.bandsintown.com/a/410439-igorrr;2p2uE4i92Dn4DkThfoKIB9;igorrr;['avant-garde metal', 'breakcore', 'cybergrind', 'french metal', 'opera metal'];245033;45;{'avant-garde', 'breakcore', 'cybergrind', 'metal', 'opera', 'french'}
https://www.bandsintown.com/a/338257-tigran-hamasyan;0D3h8NZqNp7BN97JwtV6eW;tigran hamasyan;['armenian folk', 'contemporary jazz', 'jazz piano', 'modern jazz piano'];169851;45;{'piano', 'jazz', 'armenian', 'contemporary', 'folk', 'modern'}
https://www.bandsintown.com/a/4988-this-will-destroy-you;0MG4LXIw7n4x0wjDc6WYXk;this will destroy you;['ambient post-rock', 'american post-rock', 'doomgaze', 'drone metal', 'instrumental post-rock', 'post-rock'];247240;44;{'ambient', 'post-rock', 'metal', 'drone', 'doomgaze', 'american', 'instrumental'}
https://www.bandsintown.com/a/3016-converge;7kHzfxMLtVHHb523s43rY1;converge;['boston hardcore', 'chaotic hardcore', 'mathcore', 'metalcore', 'post-hardcore', 'post-rock', 'sludge metal'];216351;44;{'mathcore', 'metalcore', 'post-rock', 'boston', 'hardcore', 'post-hardcore', 'chaotic', 'metal', 'sludge'}
https://www.bandsintown.com/a/39539-elio-e-le-storie-tese;61r4cE4aoOD50wPNhQ5fF7;elio e le storie tese;['italian adult pop', 'italian alternative'];196384;44;{'alternative', 'italian', 'pop', 'adult'}
https://www.bandsintown.com/a/21652-nothing;60mqEPQp1eNjuwt1Z4yL4J;nothing;['american shoegaze', 'dreamgaze', 'dreamo', 'grungegaze', 'nu gaze', 'pennsylvania shoegaze', 'philly indie', 'shoegaze'];143387;44;{'gaze', 'pennsylvania', 'shoegaze', 'grungegaze', 'dreamgaze', 'american', 'dreamo', 'philly', 'indie', 'nu'}
https://www.bandsintown.com/a/5870863-sungazer;1uvnDqn7UvVy6orSq1E2YF;sungazer;['livetronica', 'progressive jazz fusion'];96110;44;{'fusion', 'livetronica', 'progressive', 'jazz'}
https://www.bandsintown.com/a/1016236-deafheaven;4XpPveeg7RuYS3CgLo75t9;deafheaven;['atmospheric black metal', 'blackened screamo', 'blackgaze', 'emotional black metal', 'post-metal', 'usbm'];246584;43;{'blackened', 'post-metal', 'blackgaze', 'usbm', 'screamo', 'metal', 'black', 'emotional', 'atmospheric'}
https://www.bandsintown.com/a/16479-nate-smith;3C1TdpEowpf6AMf7PycuWy;nate smith;['contemporary jazz', 'uk contemporary jazz'];77334;43;{'uk', 'contemporary', 'jazz'}
https://www.bandsintown.com/a/6064-65daysofstatic;6DVVsQAnpHdJjb1nYuOQ6g;65daysofstatic;['instrumental post-rock', 'post-rock'];139728;42;{'post-rock', 'instrumental'}
https://www.bandsintown.com/a/34832-the-ocean;6fuALtryzj4cq7vkglKLxq;the ocean;['atmospheric post-metal', 'atmospheric sludge', 'djent', 'post-metal', 'progressive metal', 'progressive sludge', 'sludge metal'];139204;42;{'progressive', 'djent', 'metal', 'post-metal', 'atmospheric', 'sludge'}
https://www.bandsintown.com/a/615560-covet;46iJ1VD4HKFnqjISGqlZkV;covet;['instrumental math rock', 'instrumental rock', 'math rock'];194023;41;{'rock', 'instrumental', 'math'}
https://www.bandsintown.com/a/260500-the-contortionist;7nCgNmfYJcsVy3vOOzExYS;the contortionist;['djent', 'sci-fi metal'];178488;41;{'metal', 'djent', 'sci-fi'}
https://www.bandsintown.com/a/2941-cryptopsy;29PgYwTelpNl6370XLqFtN;cryptopsy;['black metal', 'brutal death metal', 'canadian metal', 'death metal', 'quebec death metal', 'technical death metal', 'technical deathcore', 'technical melodic death metal', 'thrash metal'];167010;41;{'technical', 'thrash', 'deathcore', 'brutal', 'metal', 'quebec', 'death', 'canadian', 'black', 'melodic'}
https://www.bandsintown.com/a/11584-pain-of-salvation;1uRpg2s2jNaxbmoNiJDGfd;pain of salvation;['prog metal', 'progressive metal', 'swedish progressive metal'];137891;41;{'prog', 'metal', 'progressive', 'swedish'}
https://www.bandsintown.com/a/942814-thank-you-scientist;4YygB8sfxuIcj2p0G9kpQ5;thank you scientist;['progressive jazz fusion'];135979;40;{'fusion', 'progressive', 'jazz'}
https://www.bandsintown.com/a/437580-vildhjarta;0z4ODfFM8PGE0A9r0tZ75J;vildhjarta;['djent', 'instrumental djent', 'thall'];123009;40;{'djent', 'thall', 'instrumental'}
https://www.bandsintown.com/a/47748-thou;4KoZpKiPeX4jIi7Euwcfuo;thou;['drone metal', 'gaian doom', 'louisiana metal', 'post-doom metal', 'sludge metal', 'voidgrind'];87482;40;{'doom', 'louisiana', 'gaian', 'post-doom', 'metal', 'drone', 'voidgrind', 'sludge'}
https://www.bandsintown.com/a/1778485-xxyyxx;1iqXhsjGeWi2Gje5q0mFYb;xxyyxx;['chillwave', 'wonky'];255436;39;{'chillwave', 'wonky'}
https://www.bandsintown.com/a/15557659-mono;53LVoipNTQ4lvUSJ61XKU3;mono;['downtempo', 'instrumental post-rock', 'japanese post-rock', 'post-rock'];187810;39;{'post-rock', 'japanese', 'instrumental', 'downtempo'}
https://www.bandsintown.com/a/317448-mono;53LVoipNTQ4lvUSJ61XKU3;mono;['downtempo', 'instrumental post-rock', 'japanese post-rock', 'post-rock'];187810;39;{'post-rock', 'japanese', 'instrumental', 'downtempo'}
https://www.bandsintown.com/a/3361-cult-of-luna;7E7fJJpdVgr1F3pfAfRtHe;cult of luna;['atmospheric post-metal', 'atmospheric sludge', 'drone metal', 'post-metal', 'progressive sludge', 'slayer', 'sludge metal', 'stoner metal', 'swedish doom metal', 'swedish progressive metal'];135996;39;{'progressive', 'swedish', 'doom', 'metal', 'drone', 'stoner', 'slayer', 'post-metal', 'atmospheric', 'sludge'}
https://www.bandsintown.com/a/1942467-slow-magic;3htNAy3vYWWYV8RZFeyRMT;slow magic;['chillwave', 'gauze pop', 'vapor twitch'];125458;39;{'vapor', 'twitch', 'chillwave', 'gauze', 'pop'}
https://www.bandsintown.com/a/405207-oranssi-pazuzu;3XFQRe2FsSOjrODygK4caW;oranssi pazuzu;['atmospheric black metal', 'avant-garde metal', 'blackgaze', 'cosmic black metal', 'drone metal', 'finnish black metal', 'finnish psychedelic rock', 'post-black metal', 'post-metal', 'sci-fi metal', 'voidgaze'];62067;39;{'avant-garde', 'cosmic', 'finnish', 'blackgaze', 'post-black', 'metal', 'rock', 'drone', 'sci-fi', 'voidgaze', 'black', 'post-metal', 'psychedelic', 'atmospheric'}
https://www.bandsintown.com/a/27419-1349;150xbiJGnTy1tSBZ9EFKnT;1349;['black metal', 'death metal', 'norwegian black metal', 'norwegian metal', 'technical black metal'];137797;38;{'technical', 'norwegian', 'metal', 'death', 'black'}
https://www.bandsintown.com/a/4472722-blank-banshee;1oR9pQhucVTJyi5lH2Y2iT;blank banshee;['future funk', 'vaportrap', 'vaporwave'];114563;38;{'vaportrap', 'future', 'funk', 'vaporwave'}
https://www.bandsintown.com/a/9768-textures;6v9XKyEf4HKmUMr3D6weIO;textures;['djent', 'dutch metal', 'progressive metal'];73278;38;{'metal', 'progressive', 'djent', 'dutch'}
https://www.bandsintown.com/a/7258786-mononeon;3IuEuLez19teZSN32Pf70j;mononeon;['funktronica', 'microtonal'];70921;38;{'microtonal', 'funktronica'}
https://www.bandsintown.com/a/10081758-the-comet-is-coming;0Z5FMozvx15nUSUA6a9kkU;the comet is coming;['british jazz', 'chamber psych'];173605;37;{'british', 'psych', 'jazz', 'chamber'}
https://www.bandsintown.com/a/5421-tortoise;3WggbHDpj4rPKbL97zG5MQ;tortoise;['chicago indie', 'double drumming', 'experimental', 'experimental rock', 'post-rock'];141532;37;{'post-rock', 'double', 'experimental', 'chicago', 'drumming', 'rock', 'indie'}
https://www.bandsintown.com/a/2792-venetian-snares;7eKIP3IoPoUAZgZuvMM6hf;venetian snares;['braindance', 'breakcore', 'deep idm', 'drill and bass', 'hardcore techno', 'intelligent dance music'];124298;37;{'dance', 'bass', 'drill', 'breakcore', 'hardcore', 'braindance', 'idm', 'techno', 'and', 'deep', 'music', 'intelligent'}
https://www.bandsintown.com/a/12109-rolo-tomassi;3uHCTHxtg3IVAvhyrYsZvI;rolo tomassi;['chaotic hardcore', 'cybergrind', 'mathcore', 'nintendocore', 'uk metalcore', 'uk post-hardcore'];64167;37;{'mathcore', 'metalcore', 'uk', 'cybergrind', 'hardcore', 'post-hardcore', 'nintendocore', 'chaotic'}
https://www.bandsintown.com/a/4400-tomahawk;6yyZgcrQ10gThrJxzqogiP;tomahawk;['grunge', 'industrial rock'];133141;36;{'rock', 'industrial', 'grunge'}
https://www.bandsintown.com/a/316283-the-aristocrats;1V4jsLjkic1Mxvdke86Qth;the aristocrats;['instrumental rock', 'progressive jazz fusion', 'progressive metal', 'traditional funk'];120447;36;{'progressive', 'jazz', 'traditional', 'fusion', 'metal', 'rock', 'funk', 'instrumental'}
https://www.bandsintown.com/a/2236188-chassol;1nw8iwDkSSHqn8S343ODcp;chassol;[];51685;36;set()
https://www.bandsintown.com/a/1059047-the-algorithm;14u4KXVp0iXQil79EpxXGc;the algorithm;['cyberpunk', 'djent', 'electronic djent', 'future rock', 'instrumental djent', 'instrumental rock'];100928;35;{'djent', 'future', 'electronic', 'rock', 'cyberpunk', 'instrumental'}
https://www.bandsintown.com/a/73753-maybeshewill;33qUIIydEBgWpe58IA0o61;maybeshewill;['british post-rock', 'instrumental post-rock', 'post-rock'];92925;35;{'british', 'post-rock', 'instrumental'}
https://www.bandsintown.com/a/202540-metz;18TNVFTJ6WfeicsMRrdJHI;metz;['canadian punk', 'crank wave', 'indie punk', 'noise pop', 'noise rock', 'post-hardcore'];84306;35;{'indie', 'noise', 'crank', 'post-hardcore', 'canadian', 'rock', 'punk', 'pop', 'wave'}
https://www.bandsintown.com/a/487359-the-end-of-the-ocean;4AXRViJcT2cJ0x1CxSSldW;the end of the ocean;['american post-rock', 'cinematic post-rock', 'instrumental post-rock'];24864;35;{'instrumental', 'post-rock', 'american', 'cinematic'}
https://www.bandsintown.com/a/9035-neurosis;1KHydwFySZY3YcWyo2q2dF;neurosis;['atmospheric post-metal', 'atmospheric sludge', 'doom metal', 'drone metal', 'post-doom metal', 'post-metal', 'progressive sludge', 'sludge metal'];143138;34;{'progressive', 'doom', 'post-doom', 'metal', 'drone', 'post-metal', 'atmospheric', 'sludge'}
https://www.bandsintown.com/a/53688-cynic;5nXldeedEas60jZnMi40p4;cynic;['djent', 'florida death metal', 'jazz metal', 'miami metal', 'progressive metal', 'technical death metal'];120589;34;{'technical', 'progressive', 'djent', 'jazz', 'florida', 'metal', 'death', 'miami'}
https://www.bandsintown.com/a/310307-mouse-on-the-keys;6NVzd3Lv9yMFIf1bsXNLIp;mouse on the keys;['instrumental math rock', 'japanese post-rock', 'math rock', 'modern jazz trio'];69228;34;{'post-rock', 'jazz', 'math', 'japanese', 'trio', 'modern', 'rock', 'instrumental'}
https://www.bandsintown.com/a/379736-thy-catafalque;4sgTqbA7htxYkRRJBPZIom;thy catafalque;['avant-garde metal', 'cosmic black metal', 'hungarian black metal', 'hungarian metal', 'sci-fi metal', 'slavic metal', 'symphonic death metal'];45741;34;{'avant-garde', 'cosmic', 'symphonic', 'slavic', 'metal', 'sci-fi', 'death', 'black', 'hungarian'}
https://www.bandsintown.com/a/110948-long-distance-calling;3SiCxhceGZgzusCLHd4Zz6;long distance calling;['atmospheric post-metal', 'german post-rock', 'instrumental post-rock', 'post-metal', 'post-rock'];79206;33;{'german', 'post-rock', 'post-metal', 'instrumental', 'atmospheric'}
https://www.bandsintown.com/a/7738225-ghost-bath;37Vukf7o6CBPG68BRDpStb;ghost bath;['atmospheric black metal', 'cosmic black metal', 'voidgaze'];58128;33;{'cosmic', 'metal', 'voidgaze', 'black', 'atmospheric'}
https://www.bandsintown.com/a/207510-il-teatro-degli-orrori;0yytxwS39QiLpI9GM7cOuL;il teatro degli orrori;['indie veneto', 'italian alternative', 'jazzcore'];57709;33;{'jazzcore', 'italian', 'alternative', 'veneto', 'indie'}
https://www.bandsintown.com/a/33187-fantomas;43ltIj8NRBsmOEjDr5Sk10;fantomas;['avant-garde metal', 'supergroup'];107192;32;{'avant-garde', 'metal', 'supergroup'}
https://www.bandsintown.com/a/113148-ben-frost;6qEM4txXHvfMbOUOK9L7pl;ben frost;['ambient', 'australian experimental', 'compositional ambient', 'drone', 'icelandic classical', 'icelandic experimental', 'mandible', 'soundtrack'];67324;32;{'ambient', 'icelandic', 'experimental', 'classical', 'soundtrack', 'compositional', 'drone', 'australian', 'mandible'}
https://www.bandsintown.com/a/12475-car-bomb;5r1fQsxkiQl0VwUlERnDBP;car bomb;['american metalcore', 'avant-garde metal', 'djent', 'mathcore'];65420;32;{'avant-garde', 'mathcore', 'metalcore', 'djent', 'metal', 'american'}
https://www.bandsintown.com/a/1166535-totorro;470SGea4tIbGLTpKcYJfLx;totorro;['french post-rock', 'instrumental math rock', 'math rock'];54852;32;{'post-rock', 'math', 'rock', 'french', 'instrumental'}
https://www.bandsintown.com/a/10638625-shubh-saran;2F9WG9ugzneeesOZfmQ18V;shubh saran;['indian jazz'];29777;32;{'indian', 'jazz'}
https://www.bandsintown.com/a/4690-scale-the-summit;16Uqo1jjtPiKI4zU1Ficgb;scale the summit;['djent', 'instrumental math rock', 'instrumental progressive metal', 'instrumental rock', 'progressive jazz fusion'];102887;31;{'progressive', 'djent', 'jazz', 'math', 'fusion', 'metal', 'rock', 'instrumental'}
https://www.bandsintown.com/a/94965-panopticon;2Mz5qpR3WxbcBwZBsmraWE;panopticon;['appalachian black metal', 'atmospheric black metal', 'autonomous black metal', 'bosnian electronic', 'folk black metal', 'forest black metal', 'kentucky metal', 'post-metal', 'usbm', 'voidgaze'];67023;31;{'kentucky', 'usbm', 'metal', 'voidgaze', 'folk', 'forest', 'electronic', 'black', 'post-metal', 'bosnian', 'autonomous', 'appalachian', 'atmospheric'}
https://www.bandsintown.com/a/1390963-orax;6tlyNmvYttsFm44WqrYEf0;orax;['synthwave'];15374;31;{'synthwave'}
https://www.bandsintown.com/a/1330256-skyharbor;0YbvZPP1HufDyWIsR0ei6K;skyharbor;['djent', 'indian metal'];62687;30;{'indian', 'metal', 'djent'}
https://www.bandsintown.com/a/6897-tera-melos;3K4vimkwmCyjD4g1hEMPjZ;tera melos;['instrumental math rock', 'math pop', 'math rock'];56777;29;{'rock', 'pop', 'instrumental', 'math'}
https://www.bandsintown.com/a/114428-deru;4GolrXXRODq7bAGCod4JoV;deru;['ambient', 'ambient idm', 'drone', 'nu age', 'wonky'];23322;29;{'ambient', 'age', 'wonky', 'idm', 'drone', 'nu'}
https://www.bandsintown.com/a/2589789-rendezvous-point;0AhnRzNnHI2Yhx9d00H5Cp;rendezvous point;['djent', 'progressive metal', 'sci-fi metal'];17920;28;{'progressive', 'metal', 'djent', 'sci-fi'}
https://www.bandsintown.com/a/10831-intronaut;17qfMEjKb5ry8L8mekQZfd;intronaut;['djent', 'jazz metal', 'post-metal', 'sludge metal'];66716;27;{'djent', 'jazz', 'metal', 'post-metal', 'sludge'}
https://www.bandsintown.com/a/1544107-blanck-mass;73LvjicByRK5LazcQYZMAY;blanck mass;['abstractro', 'fluxwork', 'hauntology', 'mandible', 'uk experimental electronic'];47691;27;{'fluxwork', 'experimental', 'uk', 'hauntology', 'electronic', 'mandible', 'abstractro'}
https://www.bandsintown.com/a/4014615-monika-roscher-bigband;1JsBuuKCnA43vrlM1X4cKN;monika roscher bigband;['munich indie'];19630;27;{'indie', 'munich'}
https://www.bandsintown.com/a/1993681-the-physics-house-band;30EilmonVXftR1pWoALezP;the physics house band;['british math rock', 'instrumental math rock', 'math rock'];29399;26;{'rock', 'british', 'instrumental', 'math'}
https://www.bandsintown.com/a/32336-zeta;6syYSX0eLH4srCtXhUEMXD;zeta;['math rock latinoamericano'];17197;26;{'rock', 'latinoamericano', 'math'}
https://www.bandsintown.com/a/15526395-rosetta;0HJQZHbKgYyWCDc8uVko6S;rosetta;['atmospheric post-metal', 'drone metal', 'philly indie', 'post-metal', 'sci-fi metal', 'sludge metal'];37764;24;{'philly', 'metal', 'drone', 'sci-fi', 'post-metal', 'indie', 'atmospheric', 'sludge'}
https://www.bandsintown.com/a/53941-rosetta;0HJQZHbKgYyWCDc8uVko6S;rosetta;['atmospheric post-metal', 'drone metal', 'philly indie', 'post-metal', 'sci-fi metal', 'sludge metal'];37764;24;{'philly', 'metal', 'drone', 'sci-fi', 'post-metal', 'indie', 'atmospheric', 'sludge'}
https://www.bandsintown.com/a/29143-sleepytime-gorilla-museum;74KPeP60dRLSAAk7sFtWTC;sleepytime gorilla museum;['avant-garde metal', 'avant-prog', 'avant-rock', 'funk metal', 'rock in opposition'];31934;24;{'avant-garde', 'opposition', 'metal', 'rock', 'avant-rock', 'funk', 'in', 'avant-prog'}
https://www.bandsintown.com/a/32239-lymbyc-systym;7fpjImuvKls8BeMFW9iil5;lymbyc systym;['american post-rock'];17543;24;{'post-rock', 'american'}
https://www.bandsintown.com/a/4010611-areni-agbabian;3Md3TqrojN6GPhCGC9jGaU;areni agbabian;['experimental jazz'];5858;24;{'experimental', 'jazz'}
https://www.bandsintown.com/a/76283-loma-prieta;4ULLVhwYkyOqpVxe0Asbtt;loma prieta;['chaotic hardcore', 'emo', 'screamo', 'skramz'];28638;22;{'emo', 'screamo', 'hardcore', 'chaotic', 'skramz'}
https://www.bandsintown.com/a/15559363-sandia;4RMQMEKlQ7AmPY3UnmciQk;sandia;[];2536;22;set()
https://www.bandsintown.com/a/2759-cephalic-carnage;4S2VWuUV0ei7LG0I8JDFww;cephalic carnage;['brutal death metal', 'death metal', 'deathgrind', 'denver metal', 'grindcore', 'technical death metal', 'technical grindcore'];41723;21;{'grindcore', 'technical', 'denver', 'deathgrind', 'brutal', 'metal', 'death'}
https://www.bandsintown.com/a/874105-lorenzo-senni;7mKwhB3UiepqzM946jBOyi;lorenzo senni;['deconstructed club', 'italian experimental'];23726;21;{'experimental', 'italian', 'deconstructed', 'club'}
https://www.bandsintown.com/a/33953-cripple-bastards;5rMvvaFkWCWpfMSV4Gm93M;cripple bastards;['grindcore', 'italian hardcore'];20613;21;{'grindcore', 'hardcore', 'italian'}
https://www.bandsintown.com/a/15552058-zu;5S2qz9t9m2OSBtSLZz4tMx;zu;['brutal prog', 'contemporary jazz', 'jazzcore', 'progressive jazz fusion'];17908;19;{'progressive', 'jazzcore', 'jazz', 'brutal', 'fusion', 'contemporary', 'prog'}
https://www.bandsintown.com/a/16017-zu;5S2qz9t9m2OSBtSLZz4tMx;zu;['brutal prog', 'contemporary jazz', 'jazzcore', 'progressive jazz fusion'];17908;19;{'progressive', 'jazzcore', 'jazz', 'brutal', 'fusion', 'contemporary', 'prog'}
https://www.bandsintown.com/a/495669-casa-del-mirto;0dPLWmQMIFZaCs8GCIZ1Zr;casa del mirto;['chillwave'];10703;18;{'chillwave'}
https://www.bandsintown.com/a/369377-exivious;1kYsYRtVq1Po3luPqeAnm2;exivious;['djent', 'instrumental death metal', 'instrumental rock', 'jazz metal', 'progressive jazz fusion'];14604;16;{'progressive', 'djent', 'jazz', 'fusion', 'metal', 'death', 'rock', 'instrumental'}
https://www.bandsintown.com/a/1005024-crash-of-rhinos;183vQCgpuNJHxdDCYIpkA4;crash of rhinos;['derby indie', 'midwest emo'];8572;16;{'midwest', 'indie', 'emo', 'derby'}
https://www.bandsintown.com/a/420735-inanna;38PMvw2FdepCpankD64TZL;inanna;[];1874;15;set()
https://www.bandsintown.com/a/7612785-rubi-ate-the-fig;42iuvQyqIVy6vK3DRwHFwR;rubi ate the fig;[];1194;15;set()
https://www.bandsintown.com/a/845881-valerian-swing;5tj8t2rXNyMRpER4EbFU93;valerian swing;['italian post-rock'];1814;14;{'post-rock', 'italian'}
https://www.bandsintown.com/a/2453763-zeus;232kF3LKFnCswMv7tZSf5H;zeus;[];1558;14;set()
https://www.bandsintown.com/a/15464855-zeus;232kF3LKFnCswMv7tZSf5H;zeus;[];1558;14;set()
https://www.bandsintown.com/a/198956-zeus;232kF3LKFnCswMv7tZSf5H;zeus;[];1558;14;set()
https://www.bandsintown.com/a/736166-rooftops;6cf7rkFSl5EwBUGzPboUfq;rooftops;['russian hardcore', 'russian indie rock'];7837;13;{'rock', 'hardcore', 'russian', 'indie'}
https://www.bandsintown.com/a/68910-soundpool;2vkjEcWfKySAsYcwpRRGn4;soundpool;['indie shoegaze', 'nu gaze', 'shoegaze'];7638;10;{'shoegaze', 'indie', 'gaze', 'nu'}
https://www.bandsintown.com/a/15553431-umlaut;4ZdbxATtc6RpHcxAHy0SLK;umlaut;['australian experimental'];4720;10;{'experimental', 'australian'}
https://www.bandsintown.com/a/223644-sunset-mission;4HpJwqRQMbJQ4MyuLHfKRP;sunset mission;['deep progressive rock'];3766;9;{'rock', 'deep', 'progressive'}
https://www.bandsintown.com/a/412633-aucan;3mmA5J7LGs3rpKZwNAkUbI;aucan;['italian electronica'];7986;8;{'italian', 'electronica'}
https://www.bandsintown.com/a/56550-terraformer;7yznkE2TVjMawISsOb0kcv;terraformer;[];523;8;set()
https://www.bandsintown.com/a/4294286-atomic-ape;6XbKPBTlFkkxK4imOnLGI6;atomic ape;['avant-prog', 'avant-rock'];2370;4;{'avant-rock', 'avant-prog'}
https://www.bandsintown.com/a/2453763-zeus;2IhojRjOLxPzx5Y7nKjwJg;zeus;['jazzcore'];765;4;{'jazzcore'}
https://www.bandsintown.com/a/15464855-zeus;2IhojRjOLxPzx5Y7nKjwJg;zeus;['jazzcore'];765;4;{'jazzcore'}
https://www.bandsintown.com/a/198956-zeus;2IhojRjOLxPzx5Y7nKjwJg;zeus;['jazzcore'];765;4;{'jazzcore'}
https://www.bandsintown.com/a/799415-ornaments;1UiZqQoNAT4bs0uCK3biS9;ornaments;[];622;4;set()
https://www.bandsintown.com/a/107907-dempsey;2kMrfaiMKOTZvpf4plBPAA;dempsey;[];857;3;set()
https://www.bandsintown.com/a/551110-precipice;5IikWY4p2vKlH5jZqwlK05;precipice;[];100;3;set()
https://www.bandsintown.com/a/12206735-en;3w38WFBaHzVOOp2QEa7EaF;en;[];182;2;set()
https://www.bandsintown.com/a/365292-bibles;50orxvaM7TaYBNVf9Nu4i6;bibles;[];327;0;set()
https://www.bandsintown.com/a/15510198-nina;4GBjy5w1YnrQaRzvMSVKtv;nina;[];59;0;set()
https://www.bandsintown.com/a/12783956-nina;4GBjy5w1YnrQaRzvMSVKtv;nina;[];59;0;set()
